lib,dim,nb_points,time
SMT_2.3.0,5,50,0.3348199800006114
SMT_2.3.0,10,200,7.192189340002369
SMT_2.3.0,20,400,62.62976724000182
SMT_2.3.0,50,600,452.2417829000013
SMT_2.3.0,100,1000,2535.353228080002
EGOBOX_0.15.1,5,50,0.01510308000142686
EGOBOX_0.15.1,10,200,0.17566901999816764
EGOBOX_0.15.1,20,400,1.865591120001045
EGOBOX_0.15.1,50,600,8.985401340000681
EGOBOX_0.15.1,100,1000,45.06509030000016
