lib,dim,nb_points,time
SMT_2.3.0,5,10,0.19564587999993818
SMT_2.3.0,5,13,0.20398644000015337
SMT_2.3.0,5,15,0.1916878399999405
SMT_2.3.0,10,10,0.40196728000009896
SMT_2.3.0,10,13,0.35561893999984023
SMT_2.3.0,10,15,0.38082161999991515
EGOBOX_0.15.1,5,10,0.004677439999795752
EGOBOX_0.15.1,5,13,0.003952519999438664
EGOBOX_0.15.1,5,15,0.0025548999998136423
EGOBOX_0.15.1,10,10,0.002764759999990929
EGOBOX_0.15.1,10,13,0.0028601600002730264
EGOBOX_0.15.1,10,15,0.003709779999917373
