lib,dim,nb_points,time
SMT_2.3.0,5,50,0.23299430000042776
SMT_2.3.0,10,200,6.889214850001736
SMT_2.3.0,20,400,60.34100509999553
SMT_2.3.0,50,600,436.3865164500021
SMT_2.3.0,100,1000,3332.0809220500014
EGOBOX_0.15.1,5,50,0.01126990000193473
EGOBOX_0.15.1,10,200,0.19116599999688333
EGOBOX_0.15.1,20,400,1.4637783500002115
EGOBOX_0.15.1,50,600,5.895641149996663
EGOBOX_0.15.1,100,1000,29.260138300000108
