lib,dim,nb_points,time
SMT_2.3.0,5,10,0.011675079999986338
SMT_2.3.0,5,13,0.0075001999997766685
SMT_2.3.0,5,15,0.011067200000252343
SMT_2.3.0,10,10,0.011903539999912028
SMT_2.3.0,10,13,0.013003040000330656
SMT_2.3.0,10,15,0.010410419999971054
