lib,dim,nb_points,time
SMT_2.3.0,5,10,0.016849379999985103
SMT_2.3.0,5,13,0.012559479999981703
SMT_2.3.0,5,15,0.010326260000056209
SMT_2.3.0,10,10,0.008569579999948474
SMT_2.3.0,10,13,0.012596159999975497
SMT_2.3.0,10,15,0.011560260000078416
