lib,dim,nb_points,time
SMT_2.3.0,5,50,0.3681725999995251
SMT_2.3.0,10,200,7.436325899994699
EGOBOX_0.15.1,5,50,0.016671199999109376
EGOBOX_0.15.1,10,200,0.22682639999402454
