lib,dim,nb_points,time
SMT_2.3.0,5,10,0.0009190099999614176
SMT_2.3.0,5,13,0.000882389999969746
SMT_2.3.0,5,15,0.0011113000000477768
SMT_2.3.0,10,10,0.0020236549999026465
SMT_2.3.0,10,13,0.0021821350001118844
SMT_2.3.0,10,15,0.002288909999879252
EGOBOX_0.15.1,5,10,0.00011683000011544208
EGOBOX_0.15.1,5,13,0.00014802499990764772
EGOBOX_0.15.1,5,15,0.00016090000008261995
EGOBOX_0.15.1,10,10,0.00017853500012279255
EGOBOX_0.15.1,10,13,0.00021028000010119284
EGOBOX_0.15.1,10,15,0.000250785000025644
