lib,dim,nb_points,time
SMT_2.3.0,5,10,0.9812088349999613
SMT_2.3.0,5,13,0.9653676900001301
SMT_2.3.0,5,15,1.057062335000046
SMT_2.3.0,10,10,2.3447070250000253
SMT_2.3.0,10,13,2.3373810399998547
SMT_2.3.0,10,15,2.313206010000067
EGOBOX_0.15.1,5,10,0.047361110000019836
EGOBOX_0.15.1,5,13,0.0658631799999057
EGOBOX_0.15.1,5,15,0.06930427999996028
EGOBOX_0.15.1,10,10,0.11585194500003126
EGOBOX_0.15.1,10,13,0.14039625999994315
EGOBOX_0.15.1,10,15,0.1625006049998774
