lib,dim,nb_points,time
SMT_2.3.0,5,10,0.0008654450000904034
SMT_2.3.0,5,13,0.0008218499999202323
SMT_2.3.0,5,15,0.00055646999990131
SMT_2.3.0,10,10,0.0008346950000486686
SMT_2.3.0,10,13,0.0008149900000717025
SMT_2.3.0,10,15,0.0005897050001294702
EGOBOX_0.15.1,5,10,5.791000003227964e-05
EGOBOX_0.15.1,5,13,4.087500001332955e-05
EGOBOX_0.15.1,5,15,4.1094999869528695e-05
EGOBOX_0.15.1,10,10,7.376499997917563e-05
EGOBOX_0.15.1,10,13,6.568000007973751e-05
EGOBOX_0.15.1,10,15,6.464500002039131e-05
