lib,dim,nb_points,time
SMT_2.3.0,5,10,0.0015268399999968096
SMT_2.3.0,5,13,0.001169255000013436
SMT_2.3.0,5,15,0.001000479999993331
SMT_2.3.0,10,10,0.0006444149999879301
SMT_2.3.0,10,13,0.0006586750000224129
SMT_2.3.0,10,15,0.0006432950000089477
EGOBOX_0.15.1,5,10,5.1339999981792064e-05
EGOBOX_0.15.1,5,13,4.144999998061394e-05
EGOBOX_0.15.1,5,15,4.7365000000354485e-05
EGOBOX_0.15.1,10,10,6.192000000737607e-05
EGOBOX_0.15.1,10,13,0.00018202999999630264
EGOBOX_0.15.1,10,15,0.00020800500001314504
