lib,dim,nb_points,time
SMT_2.3.0,5,10,0.0005930700000135403
SMT_2.3.0,5,13,0.0007937549999951443
SMT_2.3.0,5,15,0.0007710599999882107
SMT_2.3.0,10,10,0.0006181650000144145
SMT_2.3.0,10,13,0.0007120850000319479
SMT_2.3.0,10,15,0.0004797550000148476
EGOBOX_0.15.1,5,10,2.805499998430605e-05
EGOBOX_0.15.1,5,13,1.8044999978883425e-05
EGOBOX_0.15.1,5,15,1.843999998527579e-05
EGOBOX_0.15.1,10,10,7.878500000515487e-05
EGOBOX_0.15.1,10,13,7.56800000090152e-05
EGOBOX_0.15.1,10,15,2.6479999996809055e-05
