lib,dim,nb_points,time
SMT,5,10,0.8941802599998482
EGOBOX,5,10,0.057076680000318444
