lib,dim,nb_points,time
SMT_2.3.0,5,10,0.984485914999999
SMT_2.3.0,5,13,0.9852896450000003
SMT_2.3.0,5,15,0.981702654999998
SMT_2.3.0,10,10,2.1632240199999955
SMT_2.3.0,10,13,2.1378079350000005
SMT_2.3.0,10,15,2.163825105000001
EGOBOX_0.15.1,5,10,0.044342825000001085
EGOBOX_0.15.1,5,13,0.07018273500000305
EGOBOX_0.15.1,5,15,0.06396096999999372
EGOBOX_0.15.1,10,10,0.10029979500000082
EGOBOX_0.15.1,10,13,0.1437717799999973
EGOBOX_0.15.1,10,15,0.1391712699999971
