lib,dim,nb_points,time
SMT_2.3.0,5,10,0.0007994300000063959
SMT_2.3.0,5,13,0.0005923700000494136
SMT_2.3.0,5,15,0.0004268700000466197
SMT_2.3.0,10,10,0.0006684649999442627
SMT_2.3.0,10,13,0.0008647650000057183
SMT_2.3.0,10,15,0.000667520000024524
EGOBOX_0.15.1,5,10,4.1604999933042566e-05
EGOBOX_0.15.1,5,13,4.007499992439989e-05
EGOBOX_0.15.1,5,15,5.7700000070326496e-05
EGOBOX_0.15.1,10,10,9.765000013430835e-05
EGOBOX_0.15.1,10,13,8.704499996383674e-05
EGOBOX_0.15.1,10,15,8.647999984532362e-05
