lib,dim,nb_points,time
SMT_2.3.0,5,10,0.8853122299999996
SMT_2.3.0,5,13,1.0594364349999978
SMT_2.3.0,5,15,0.9639271250000092
SMT_2.3.0,10,10,2.109846940000034
SMT_2.3.0,10,13,2.128709200000003
SMT_2.3.0,10,15,2.0882064399999765
EGOBOX_0.15.1,5,10,0.05137840000002143
EGOBOX_0.15.1,5,13,0.062012654999989536
EGOBOX_0.15.1,5,15,0.06158212499999536
EGOBOX_0.15.1,10,10,0.09688139499999124
EGOBOX_0.15.1,10,13,0.1429957750000085
EGOBOX_0.15.1,10,15,0.13662223500000437
